{"cameraMode":{"drawMode":0,"name":"Shaded","section":"Shading Mode"},"sceneLighting":true,"audioPlay":false,"sceneViewState":{"showFog":true,"showMaterialUpdate":true,"showSkybox":true,"showFlares":true,"showImageEffects":true,"showParticleSystems":true},"in2DMode":false,"pivot":{"x":306.8155517578125,"y":370.8755187988281,"z":-58.89410400390625},"rotation":{"x":0.0003010561631526798,"y":-0.9959211349487305,"z":0.0032962795812636616,"w":0.09016764163970947},"size":952.0628662109375,"orthographic":false}